"taxonID hash","scientific name","kingdom","phylum","class","order","family","genus","taxon rank","nomenclatural code","location","country code","occurrence status","establishment means","degree of establishment","introduction pathway","introduction pathway 1","introduction pathway 2","introduction pathway 3","date first observation","date last observation","source","occurrence remarks","native range","realm","terrestrial","marine","freshwater","host","abundance","threat status","date added","added by","verified by"
"7e40a62b49983413f87aebb98439fa84","Amphibalanus improvisus (Darwin, 1854)","Animalia","Arthropoda","Maxillopoda","Sessilia","Balanidae","Amphibalanus","species","ICZN","Flanders","BE","present","uncertain","established","escape_aquaculture","aquacultureMariculture",NA,NA,NA,NA,NA,NA,"probably the Americas","estuarine",FALSE,TRUE,TRUE,NA,NA,NA,2020-07-03,"Jan Soors",NA
"2e45db349528627f5455bc1be26de180","Atyaephyra desmarestii (Millet, 1831)","Animalia","Arthropoda","Malacostraca","Decapoda","Atyidae","Atyaephyra","species","ICZN","Flanders","BE","present","introduced","casual","corridor_water","waterwaysBasinsSeas",NA,NA,2007,2007,NA,NA,"Mediterranean","estuarine",FALSE,TRUE,TRUE,NA,NA,NA,2020-07-03,"Jan Soors",NA
"b14bf02284d3fee369c2d31b96ad5b4c","Austrominius modestus (Darwin, 1854)","Animalia","Arthropoda","Maxillopoda","Sessilia","Austrobalanidae","Austrominius","species","ICZN","Flanders","BE","doubtful","introduced","casual","escape_aquaculture","aquacultureMariculture",NA,NA,NA,NA,NA,NA,"Australia | New-Zealand","estuarine",FALSE,TRUE,TRUE,NA,NA,NA,2020-07-07,"Jan Soors",NA
"248f2dbbe4c46fa0f14864ea92414ca5","Boccardiella hamata (Webster, 1879)","Animalia","Annelida","Polychaeta","Spionida","Spionidae","Boccardiella","species","ICZN","Flanders","BE","absent","introduced","casual","stowaway_ballast_water","ballastWater",NA,NA,NA,NA,"Kerckhof, F. & M.A. Faasse 2014. Boccardia proboscidea and Boccardiella hamata (Polychaeta: Spionidae: Polydorinae), introduced mud worms new for the North Sea and Europe, respectively 7: 1-9.","not present","unknown","estuarine",FALSE,TRUE,TRUE,NA,NA,NA,2020-07-17,"jan Soors",NA
"38f13652f41c27960bcd73a290edfffc","Boccardiella ligerica (Ferronnière, 1898)","Animalia","Annelida","Polychaeta","Spionida","Spionidae","Boccardiella","species","ICZN","Flanders","BE","present","introduced","established","corridor_water","waterwaysBasinsSeas",NA,NA,NA,NA,NA,NA,"unknown","estuarine",FALSE,TRUE,TRUE,NA,NA,NA,2020-07-03,"Jan Soors",NA
"c9f9114060eabfdcec5751cb4aa0f84d","Branchiodrilus hortensis (Stephenson, 1910)","Animalia","Annelida","Clitellata","Haplotaxida","Naididae","Branchiodrilus","species","ICZN","Flanders","BE","present","introduced","casual","escape_pet | contaminant_on_plants","pet","contaminantOnPlants",NA,2010,NA,"Soors, J., van Haaren, T., Tarmo, T., & Speybroeck, J. (2013). Bratislavia dadayi (Michaelsen, 1905) (Annelida: Clitellata: Naididae): A new non-indigenous species for Europe, and other non-native annelids in the Schelde estuary. Aquatic Invasions, 8(1), 37-44. https://doi.org/10.3391/ai.2013.8.1.04",NA,"Asia | Africa | Australia","estuarine",FALSE,TRUE,TRUE,NA,NA,NA,2020-07-03,"Jan Soors",NA
"bba5475fe78d882d1e138321880e67a0","Branchiura sowerbyi Beddard, 1892","Animalia","Annelida","Clitellata","Haplotaxida","Naididae","Branchiura","species","ICZN","Flanders","BE","present","introduced","established","escape_pet | contaminant_on_plants","pet","contaminantOnPlants",NA,2011,NA,"Soors, J., van Haaren, T., Tarmo, T., & Speybroeck, J. (2013). Bratislavia dadayi (Michaelsen, 1905) (Annelida: Clitellata: Naididae): A new non-indigenous species for Europe, and other non-native annelids in the Schelde estuary. Aquatic Invasions, 8(1), 37-44. https://doi.org/10.3391/ai.2013.8.1.04",NA,"Asia","estuarine",FALSE,TRUE,TRUE,NA,NA,NA,2020-07-03,"Jan Soors",NA
"4b6eb5721fc16496c4092047f9cc79cc","Bratislavia dadayi (Michaelsen, 1905)","Animalia","Annelida","Clitellata","Haplotaxida","Naididae","Bratislavia","species","ICZN","Flanders","BE","present","introduced","casual","stowaway_ballast_water","ballastWater",NA,NA,2002,NA,"Soors, J., van Haaren, T., Tarmo, T., & Speybroeck, J. (2013). Bratislavia dadayi (Michaelsen, 1905) (Annelida: Clitellata: Naididae): A new non-indigenous species for Europe, and other non-native annelids in the Schelde estuary. Aquatic Invasions, 8(1), 37-44. https://doi.org/10.3391/ai.2013.8.1.04",NA,"Southern hemisphere | China | South Eastern United States of America","estuarine",FALSE,TRUE,TRUE,NA,NA,NA,2020-07-03,"Jan Soors",NA
"e4427930550df142ab1c33d646f8a78c","Callinectes sapidus Rathbun, 1896","Animalia","Arthropoda","Malacostraca","Decapoda","Portunidae","Callinectes","species","ICZN","Flanders","BE","present","introduced","casual","release_fishery | escape_aquaculture","fisheryInTheWild","aquacultureMariculture",NA,NA,NA,NA,NA,"Northern America | Southern America","estuarine",FALSE,TRUE,TRUE,NA,NA,NA,2020-07-03,"Jan Soors",NA
"fabeb38e2c9b2c30e5e866db86c95398","Chelicorophium curvispinum (G.O.Sars, 1895)","Animalia","Arthropoda","Malacostraca","Amphipoda","Corophiidae","Chelicorophium","species","ICZN","Flanders","BE","present","introduced","casual","stowaway_ballast_water","ballastWater",NA,NA,1998,NA,NA,NA,"Asia","estuarine",FALSE,TRUE,TRUE,NA,NA,NA,2020-07-03,"Jan Soors",NA
"341e2ee593e3e427b5f835774ebf0c0e","Corbicula fluminea (O.F.Müller, 1774)","Animalia","Mollusca","Bivalvia","Veneroida","Cyrenidae","Corbicula","species","ICZN","Flanders","BE","present","introduced","established","stowaway_ballast_water","ballastWater",NA,NA,2008,NA,"Van Ryckegem, G., & Soors, J. (2018). Tweekleppigen (Bivalvia) in de Zeeschelde: Verkennende monitoring en potentiële rol van schelpdieren in de Boven-Zeeschelde. (Rapporten van het Instituut voor Natuur- en Bosonderzoek; Nr. 99). Instituut voor Natuur- en Bosonderzoek. https://doi.org/10.21436/inbor.15559786",NA,"Asia | Africa","estuarine",FALSE,TRUE,TRUE,NA,NA,NA,2020-07-03,"Jan Soors",NA
"4b66504f07d381e4e34cc926d577595f","Cordylophora caspia (Pallas, 1771)","Animalia","Cnidaria","Hydrozoa","Anthoathecata","Cordylophoridae","Cordylophora","species","ICZN","Flanders","BE","present","introduced","established","stowaway_ballast_water | stowaway_hull_fouling","ballastWater","hullFouling",NA,NA,NA,NA,NA,"Europe","estuarine",FALSE,TRUE,TRUE,NA,NA,NA,2020-07-03,"Jan Soors",NA
"ebf7119fedbfe9db6ae753f76c0ccd7c","Crangonyx pseudogracilis Bousfield, 1958","Animalia","Arthropoda","Malacostraca","Amphipoda","Crangonyctidae","Crangonyx","species","ICZN","Flanders","BE","present","introduced","casual","stowaway_ballast_water","ballastWater",NA,NA,2007,NA,NA,NA,"Northern America","estuarine",FALSE,TRUE,TRUE,NA,NA,NA,2020-07-03,"Jan Soors",NA
"dd555002d968fa68fb894897a73d8f28","Cryptorchestia garbinii Ruffo, Tarocco & Latella, 2014","Animalia","Arthropoda","Malacostraca","Amphipoda","Talitridae","Cryptorchestia","species","ICZN","Flanders","BE","present","introduced","established","stowaway_ship","hitchhikersShip",NA,NA,1927,NA,NA,NA,"Asia","estuarine",FALSE,TRUE,TRUE,NA,NA,NA,2020-07-03,"Jan Soors",NA
"b4e660652ee665c57d541544006a5030","Dikerogammarus villosus (Sowinsky, 1894)","Animalia","Arthropoda","Malacostraca","Amphipoda","Gammaridae","Dikerogammarus","species","ICZN","Flanders","BE","present","introduced","casual","corridor_water","waterwaysBasinsSeas",NA,NA,1999,NA,NA,NA,"Ponto-caspian","estuarine",FALSE,TRUE,TRUE,NA,NA,NA,2020-07-03,"Jan Soors",NA
"e3b8090433cb4788ada94499d1b07e5b","Dohrniphora cornuta (Bigot, 1857)","Animalia","Arthropoda","Insecta","Diptera","Phoridae","Dohrniphora","species","ICZN","Flanders","BE","present","introduced","casual",NA,NA,NA,NA,2005,NA,NA,NA,NA,"estuarine",FALSE,TRUE,TRUE,NA,NA,NA,2020-07-03,"Jan Soors",NA
"4079e742b8f01fe14bc9e8ad6e0f0974","Dreissena bugensis (Andrusov, 1897)","Animalia","Mollusca","Bivalvia","Veneroida","Dreissenidae","Dreissena","species","ICZN","Flanders","BE","present","introduced","established","corridor_water","waterwaysBasinsSeas",NA,NA,NA,NA,"Van Ryckegem, G., & Soors, J. (2018). Tweekleppigen (Bivalvia) in de Zeeschelde: Verkennende monitoring en potentiële rol van schelpdieren in de Boven-Zeeschelde. (Rapporten van het Instituut voor Natuur- en Bosonderzoek; Nr. 99). Instituut voor Natuur- en Bosonderzoek. https://doi.org/10.21436/inbor.15559786",NA,"Ponto-caspian","estuarine",FALSE,TRUE,TRUE,NA,NA,NA,2020-07-06,"Jan Soors",NA
"e58fe697587c60c0d56cee2aad2ab863","Dreissena polymorpha (Pallas, 1771)","Animalia","Mollusca","Bivalvia","Veneroida","Dreissenidae","Dreissena","species","ICZN","Flanders","BE","present","introduced","established","corridor_water","waterwaysBasinsSeas",NA,NA,2008,NA,"Van Ryckegem, G., & Soors, J. (2018). Tweekleppigen (Bivalvia) in de Zeeschelde: Verkennende monitoring en potentiële rol van schelpdieren in de Boven-Zeeschelde. (Rapporten van het Instituut voor Natuur- en Bosonderzoek; Nr. 99). Instituut voor Natuur- en Bosonderzoek. https://doi.org/10.21436/inbor.15559786",NA,"Ponto-caspian","estuarine",FALSE,TRUE,TRUE,NA,NA,NA,2020-07-03,"Jan Soors",NA
"9141b9ba72c5f624419b4dd36996e095","Eriocheir sinensis H.Milne Edwards, 1853","Animalia","Arthropoda","Malacostraca","Decapoda","Varunidae","Eriocheir","species","ICZN","Flanders","BE","present","introduced","established","stowaway_ballast_water","ballastWater",NA,NA,1933,NA,NA,NA,"Asia","estuarine",FALSE,TRUE,TRUE,NA,NA,NA,2020-07-03,"Jan Soors",NA
"df52689bfabe7ba0864460028ab0e35f","Ferrissia fragilis (Tryon, 1863)","Animalia","Mollusca","Gastropoda","Hygrophila","Planorbidae","Ferrissia","species","ICZN","Flanders","BE","present","introduced","casual",NA,NA,NA,NA,2007,NA,NA,NA,"Northern America","estuarine",FALSE,TRUE,TRUE,NA,NA,NA,2020-07-03,"Jan Soors",NA
"2d23ae296ba1731fe3ad6ad59ddd1cbc","Ficopomatus enigmaticus (Fauvel, 1923)","Animalia","Annelida","Polychaeta","Sabellida","Serpulidae","Ficopomatus","species","ICZN","Flanders","BE","present","introduced","casual","stowaway_ballast_water","ballastWater",NA,NA,2015,NA,NA,NA,"Pacific ocean","estuarine",FALSE,TRUE,TRUE,NA,NA,NA,2020-07-03,"Jan Soors",NA
"1f40ecd0368ea58793530bca77bedac6","Gammarus tigrinus Sexton, 1939","Animalia","Arthropoda","Malacostraca","Amphipoda","Gammaridae","Gammarus","species","ICZN","Flanders","BE","present","introduced","established","stowaway_ballast_water","ballastWater",NA,NA,2005,NA,"Van den Neucker, T., Van den Neucker, M., Soors, J., Stevens, M., & Coeck, J. (2009). Garnalen en krabben op de rand van brak en zoet in de Zeeschelde. De Strandvlo: Driemaandelijks Tijdschrift van De Strandwerkgroep België, 29(4), 128-133.","other intentional release","Northern America","estuarine",FALSE,TRUE,TRUE,NA,NA,NA,2020-07-03,"Jan Soors",NA
"d234b3d2947271943d693bae0cfddc17","Girardia tigrina (Girard, 1850)","Animalia","Platyhelminthes","Rhabditophora","Seriata","Dugesiidae","Dugesia","species","ICZN","Flanders","BE","present","introduced","casual","escape_aquaculture","aquacultureMariculture",NA,NA,2008,NA,NA,NA,"Northern America","estuarine",FALSE,TRUE,TRUE,NA,NA,NA,2020-07-03,"Jan Soors",NA
"c3a682c295a154ff7c033d4590e33723","Grandidierella japonica Stephensen, 1938","Animalia","Arthropoda","Malacostraca","Amphipoda","Aoridae","Grandidierella","species","ICZN","Flanders","BE","present","introduced","colonising","stowaway_ballast_water","ballastWater",NA,NA,2019,NA,"Soors et al, prep",NA,"Asia","estuarine",FALSE,TRUE,TRUE,NA,NA,NA,2020-07-03,"Jan Soors",NA
"f23876efb4ffd77930555b63c9498e6c","Heleobia charruana (d'Orbigny, 1840)","Animalia","Mollusca","Gastropoda","Littorinimorpha","Cochliopidae","Heleobia","species","ICZN","Flanders","BE","present","introduced","colonising","stowaway_ballast_water","ballastWater",NA,NA,2017,NA,"van Haaren, T., Worsfold, T.M., Stelbrink, B., Collado, G.A., Gonçalves, I.C.B., Serra, W.S., Scarabino, F., Gittenberger, A., & Gittenberger, E., 2021. Heleobia charruana (Gastropoda,Trun catelloidea, Cochliopidae), a South American brackish water snail in northwest European estuaries. — Basteria 85 (1): 82–91. Leiden. Published 7 May 2021.",NA,"Southern America","estuarine",FALSE,TRUE,TRUE,NA,NA,NA,NA,NA,NA
"2bc3572efee50faa488323b46c67c859","Hemigrapsus sanguineus (De Haan, 1835)","Animalia","Arthropoda","Malacostraca","Decapoda","Grapsidae","Hemigrapsus","species","ICZN","Flanders","BE","present","introduced","casual","release_fishery","fisheryInTheWild",NA,NA,2015,NA,NA,NA,"Asia","estuarine",FALSE,TRUE,TRUE,NA,NA,NA,2020-07-07,"Jan Soors",NA
"1ee50ade554e659d5ea86682e9731dd7","Hemigrapsus takanoi Asakura & Watanabe, 2005","Animalia","Arthropoda","Malacostraca","Decapoda","Grapsidae","Hemigrapsus","species","ICZN","Flanders","BE","present","introduced","established","release_fishery | escape_aquaculture","fisheryInTheWild","aquacultureMariculture",NA,2007,NA,"Soors, J., Faasse, M., Stevens, M., Verbessem, I., De Regge, N., & Van den Bergh, E. (2010). New crustacean invaders in the Schelde estuary (Belgium). BELGIAN JOURNAL OF ZOOLOGY, 140(1), 3-10.",NA,"Asia","estuarine",FALSE,TRUE,TRUE,NA,NA,NA,2020-07-03,"Jan Soors",NA
"ec8180139d1510655d652ad3c6ea5c83","Hemimysis anomala G.O.Sars, 1907","Animalia","Arthropoda","Malacostraca","Mysida","Mysidae","Hemimysis","species","ICZN","Flanders","BE","present","introduced","casual","release_fishery","fisheryInTheWild",NA,NA,2014,NA,NA,NA,"Ponto-caspian","estuarine",FALSE,TRUE,TRUE,NA,NA,NA,2020-07-03,"Jan Soors",NA
"62e7496b276ce9f088c367d51394849d","Incisocalliope aestuarius (Watling & Maurer, 1973)","Animalia","Arthropoda","Malacostraca","Amphipoda","Pleustidae","Incisocalliope","species","ICZN","Flanders","BE","present","introduced","casual","stowaway_ballast_water | stowaway_hull_fouling","ballastWater","hullFouling",NA,1996,NA,"Faasse, M.; Van Moorsel, G. (2003). The North-American amphipods, Melita nitida Smith, 1873 and Incisocalliope aestuarius (Watling and Maurer, 1973) (Crustacea: Amphipoda: Gammaridea), introduced to the Western Scheldt estuary (The Netherlands). Aquatic Ecology. 37(1): 13-22.",NA,"Northern America","estuarine",FALSE,TRUE,TRUE,NA,NA,NA,2020-07-03,"Jan Soors",NA
"8ff80dba10b976f42a64c3b30e80b1dc","Laonome xeprovala Bick & Bastrop, 2018","Animalia","Annelida","Polychaeta","Sabellida","Sabellidae","Laonome","species","ICZN","Flanders","BE","present","introduced","casual","stowaway_ship","hitchhikersShip",NA,NA,2017,NA,NA,NA,"unknown","estuarine",FALSE,TRUE,TRUE,NA,NA,NA,2020-07-06,"Jan Soors",NA
"eae7c4528768601d41273cbbf54a9ed4","Limnodrilus cervix Brinkhurst, 1963","Animalia","Annelida","Clitellata","Haplotaxida","Naididae","Limnodrilus","species","ICZN","Flanders","BE","present","introduced","casual","stowaway","otherTransport",NA,NA,2009,NA,"Soors, J., van Haaren, T., Tarmo, T., & Speybroeck, J. (2013). Bratislavia dadayi (Michaelsen, 1905) (Annelida: Clitellata: Naididae): A new non-indigenous species for Europe, and other non-native annelids in the Schelde estuary. Aquatic Invasions, 8(1), 37-44. [10.3391/ai.2013.8.1.04]. https://doi.org/10.3391/ai.2013.8.1.04",NA,"Northern America","estuarine",FALSE,TRUE,TRUE,NA,NA,NA,2020-07-03,"Jan Soors",NA
"a8a0416755f76acff5e31f86f88848ca","Limnodrilus maumeensis Brinkhurst & Cook, 1966","Animalia","Annelida","Clitellata","Haplotaxida","Naididae","Limnodrilus","species","ICZN","Flanders","BE","present","introduced","casual","stowaway","otherTransport",NA,NA,2014,NA,NA,NA,"Northern America","estuarine",FALSE,TRUE,TRUE,NA,NA,NA,2020-07-03,"Jan Soors",NA
"32f76bd5813c347071f4df83a4b7b923","Limnomysis benedeni Czerniavsky, 1882","Animalia","Arthropoda","Malacostraca","Mysida","Mysidae","Limnomysis","species","ICZN","Flanders","BE","present","introduced","established","corridor_water","waterwaysBasinsSeas",NA,NA,2012,NA,NA,NA,"Ponto-caspian","estuarine",FALSE,TRUE,TRUE,NA,NA,NA,2020-07-03,"Jan Soors",NA
"2359d127d5a4d647c96b885aafd375f0","Magallana gigas (Thunberg, 1793)","Animalia","Mollusca","Bivalvia","Ostreoida","Ostreidae","Magallana","species","ICZN","Flanders","BE","present","introduced","established","escape_aquaculture","aquacultureMariculture",NA,NA,NA,NA,NA,NA,"Asia","estuarine",FALSE,TRUE,TRUE,NA,NA,NA,2020-07-03,"Jan Soors",NA
"2eefc543833601b5d88f4150ce0d1b89","Marenzelleria neglecta Sikorski & Bick, 2004","Animalia","Annelida","Polychaeta","Spionida","Spionidae","Marenzelleria","species","ICZN","Flanders","BE","present","introduced","established","stowaway_ship","hitchhikersShip",NA,NA,1996,NA,"Soors, J., van Haaren, T., Tarmo, T., & Speybroeck, J. (2013). Bratislavia dadayi (Michaelsen, 1905) (Annelida: Clitellata: Naididae): A new non-indigenous species for Europe, and other non-native annelids in the Schelde estuary. Aquatic Invasions, 8(1), 37-44. [10.3391/ai.2013.8.1.04]. https://doi.org/10.3391/ai.2013.8.1.04",NA,"Northern America","estuarine",FALSE,TRUE,TRUE,NA,NA,NA,2020-07-03,"Jan Soors",NA
"96f1ba70d9fbbf7e4c79ae9aa1894aa6","Melita nitida Smith, 1873","Animalia","Arthropoda","Malacostraca","Amphipoda","Melitidae","Melita","species","ICZN","Flanders","BE","present","introduced","established","stowaway_ballast_water","ballastWater",NA,NA,2000,NA,"Faasse, M.; Van Moorsel, G. (2003). The North-American amphipods, Melita nitida Smith, 1873 and Incisocalliope aestuarius (Watling and Maurer, 1973) (Crustacea: Amphipoda: Gammaridea), introduced to the Western Scheldt estuary (The Netherlands). Aquatic Ecology. 37(1): 13-22.",NA,"Pacific ocean","estuarine",FALSE,TRUE,TRUE,NA,NA,NA,2020-07-03,"Jan Soors",NA
"97821cccfd70e50198c41a6ba9ea4929","Monopylephorus limosus (Hatai, 1898)","Animalia","Annelida","Clitellata","Haplotaxida","Naididae","Monopylephorus","species","ICZN","Flanders","BE","present","introduced","casual","stowaway","otherTransport",NA,NA,2002,NA,"Soors, J., van Haaren, T., Tarmo, T., & Speybroeck, J. (2013). Bratislavia dadayi (Michaelsen, 1905) (Annelida: Clitellata: Naididae): A new non-indigenous species for Europe, and other non-native annelids in the Schelde estuary. Aquatic Invasions, 8(1), 37-44. [10.3391/ai.2013.8.1.04]. https://doi.org/10.3391/ai.2013.8.1.04",NA,"Southern Asia | Eastern Asia","estuarine",FALSE,TRUE,TRUE,NA,NA,NA,2020-07-03,"Jan Soors",NA
"52280b81c6b277f031faa79ecde9fecf","Mulinia lateralis (Say, 1822)","Animalia","Mollusca","Bivalvia","Veneroida","Mactridae","Mulinia","species","ICZN","Flanders","BE","present","introduced","casual","stowaway_ballast_water","ballastWater",NA,NA,2019,2019,"unpublished records INBO",NA,"Northern America","estuarine",FALSE,TRUE,TRUE,NA,NA,NA,NA,NA,NA
"55f7ddf71c4e3d956b5e056a85032bde","Mya arenaria Linnaeus, 1758","Animalia","Mollusca","Bivalvia","Myoida","Myidae","Mya","species","ICZN","Flanders","BE","present","introduced","established","corridor_water","waterwaysBasinsSeas",NA,NA,1993,NA,NA,NA,"Atlantic ocean | Arctic ocean","estuarine",FALSE,TRUE,TRUE,NA,NA,NA,2020-07-03,"Jan Soors",NA
"b5faf5450d6736c856c7e3da00ff5491","Mytilopsis leucophaeata (Conrad, 1831)","Animalia","Mollusca","Bivalvia","Veneroida","Dreissenidae","Mytilopsis","species","ICZN","Flanders","BE","present","introduced","established","stowaway_ballast_water | stowaway_ship","ballastWater",NA,NA,1835,NA,NA,NA,"Northern America | Africa","estuarine",FALSE,TRUE,TRUE,NA,NA,NA,2020-07-03,"Jan Soors",NA
"ac23d08690c941c13ca06680f92a97ed","Nemopsis bachei L.Agassiz, 1849","Animalia","Cnidaria","Hydrozoa","Anthoathecata","Bougainvilliidae","Nemopsis","species","ICZN","Flanders","BE","present","introduced","casual","escape_aquaculture","aquacultureMariculture",NA,NA,2012,NA,NA,NA,"Northern Atlantic Ocean","estuarine",FALSE,TRUE,TRUE,NA,NA,NA,2020-07-03,"Jan Soors",NA
"fb5b237a25ff4bb72e8d738b19d51759","Neomysis americana (S.I.Smith, 1873)","Animalia","Arthropoda","Malacostraca","Mysida","Mysidae","Neomysis","species","ICZN","Flanders","BE","present","introduced","established","escape_aquaculture","aquacultureMariculture",NA,NA,2012,NA,"Soors et al, prep",NA,"Northern America","estuarine",FALSE,TRUE,TRUE,NA,NA,NA,2020-07-03,"Jan Soors",NA
"647f3f5d79c26df46062cb810e18cec2","Palaemon macrodactylus Rathbun, 1902","Animalia","Arthropoda","Malacostraca","Decapoda","Palaemonidae","Palaemon","species","ICZN","Flanders","BE","present","introduced","established","escape_aquaculture","aquacultureMariculture",NA,NA,2003,NA,"Soors, J., Faasse, M., Stevens, M., Verbessem, I., De Regge, N., & Van den Bergh, E. (2010). New crustacean invaders in the Schelde estuary (Belgium). BELGIAN JOURNAL OF ZOOLOGY, 140(1), 3-10.",NA,"Asia","estuarine",FALSE,TRUE,TRUE,NA,NA,NA,2020-07-03,"Jan Soors",NA
"b1e04b5b70190977bbad73245dfd0ec8","Penaeus aztecus Ives, 1891","Animalia","Arthropoda","Malacostraca","Decapoda","Penaeidae","Penaeus","species","ICZN","Flanders","BE","present","introduced","casual","stowaway","otherTransport",NA,NA,2018,2018,"Soors, J., Breine, J., d'Acoz d'Udekem, C., Bergh, E. V. D., Meutter, F. V. D., & Terrie, T. (2020). Penaeus aztecus Ives, 1891 (Crustacea, Decapoda), in the Scheldt estuary (Belgium): Isolated record or forerunner of a penaeid invasion? Journal of Experimental Marine Biology and Ecology, 530-531. https://doi.org/10.1016/j.jembe.2020.151437",NA,"Central America","estuarine",FALSE,TRUE,TRUE,NA,NA,NA,2020-07-06,"Jan Soors",NA
"2baaca027fe4def3b5ac38b193d47b5c","Petricolaria pholadiformis (Lamarck, 1818)","Animalia","Mollusca","Bivalvia","Veneroida","Veneridae","Petricolaria","species","ICZN","Flanders","BE","present","introduced","casual","escape_aquaculture","aquacultureMariculture",NA,NA,1995,NA,NA,NA,"Northern America","estuarine",FALSE,TRUE,TRUE,NA,NA,NA,2020-07-03,"Jan Soors",NA
"19909f80ef23d57428b1160a73f98a0b","Physella acuta (Draparnaud, 1805)","Animalia","Mollusca","Gastropoda","Basommatophora","Physinae","Physella","species","ICZN","Flanders","BE","present","introduced","casual","contaminant_on_plants","contaminantOnPlants",NA,NA,2007,NA,NA,NA,"Northern America","estuarine",FALSE,TRUE,TRUE,NA,NA,NA,2020-07-03,"Jan Soors",NA
"817b6bed64bcfdc68ba9a14d3de0a262","Potamocorbula amurensis (Schrenck, 1861)","Animalia","Mollusca","Bivalvia","Myoida","Corbulidae","Potamocorbula","species","ICZN","Flanders","BE","present","introduced","invasive","stowaway_ballast_water","ballastWater",NA,NA,2018,NA,NA,NA,"Northern Pacific Ocean","estuarine",FALSE,TRUE,TRUE,NA,NA,NA,2020-07-03,"Jan Soors",NA
"4a8ccf71299a2888458dfb658fdfb67f","Potamopyrgus antipodarum (Gray, 1843)","Animalia","Mollusca","Gastropoda","Littorinimorpha","Hydrobiidae","Potamopyrgus","species","ICZN","Flanders","BE","present","introduced","casual","stowaway_ballast_water","ballastWater",NA,NA,1927,NA,NA,NA,"Ocenania | Southern Pacific Ocean","estuarine",FALSE,TRUE,TRUE,NA,NA,NA,2020-07-03,"Jan Soors",NA
"af4279693fdd1add7a08a04dc97d7848","Potamothrix heuscheri (Bretscher, 1900)","Animalia","Annelida","Clitellata","Haplotaxida","Naididae","Potamothrix","species","ICZN","Flanders","BE","present","introduced","established","corridor_water","waterwaysBasinsSeas",NA,NA,2014,NA,"Soors, J., van Haaren, T., Tarmo, T., & Speybroeck, J. (2013). Bratislavia dadayi (Michaelsen, 1905) (Annelida: Clitellata: Naididae): A new non-indigenous species for Europe, and other non-native annelids in the Schelde estuary. Aquatic Invasions, 8(1), 37-44.  https://doi.org/10.3391/ai.2013.8.1.04",NA,"Ponto-caspian","estuarine",FALSE,TRUE,TRUE,NA,NA,NA,2020-07-03,"Jan Soors",NA
"c1f4bb18be82afe10d353afb4ea3a699","Potamothrix moldaviensis (Vejdovský & Mrázek, 1903)","Animalia","Annelida","Clitellata","Haplotaxida","Naididae","Potamothrix","species","ICZN","Flanders","BE","present","introduced","established","corridor_water","waterwaysBasinsSeas",NA,NA,2008,NA,"Soors, J., van Haaren, T., Tarmo, T., & Speybroeck, J. (2013). Bratislavia dadayi (Michaelsen, 1905) (Annelida: Clitellata: Naididae): A new non-indigenous species for Europe, and other non-native annelids in the Schelde estuary. Aquatic Invasions, 8(1), 37-44.  https://doi.org/10.3391/ai.2013.8.1.04",NA,"Ponto-caspian","estuarine",FALSE,TRUE,TRUE,NA,NA,NA,2020-07-03,"Jan Soors",NA
"1d0c1dfbd9ebb210d954358fbd7d0f09","Potamothrix vejdovskyi (Hrabĕ, 1941)","Animalia","Annelida","Clitellata","Haplotaxida","Naididae","Potamothrix","species","ICZN","Flanders","BE","present","introduced","established","corridor_water","waterwaysBasinsSeas",NA,NA,2009,NA,"Soors, J., van Haaren, T., Tarmo, T., & Speybroeck, J. (2013). Bratislavia dadayi (Michaelsen, 1905) (Annelida: Clitellata: Naididae): A new non-indigenous species for Europe, and other non-native annelids in the Schelde estuary. Aquatic Invasions, 8(1), 37-44.  https://doi.org/10.3391/ai.2013.8.1.04",NA,"Ponto-caspian","estuarine",FALSE,TRUE,TRUE,NA,NA,NA,2020-07-03,"Jan Soors",NA
"121ef263ba0aafabecae06857b7c93ef","Proasellus meridianus (Racovitza, 1919)","Animalia","Arthropoda","Malacostraca","Isopoda","Asellidae","Proasellus","species","ICZN","Flanders","BE","present","introduced","casual","corridor_water","waterwaysBasinsSeas",NA,NA,2014,NA,NA,NA,"Mediterranean","estuarine",FALSE,TRUE,TRUE,NA,NA,NA,2020-07-03,"Jan Soors",NA
"05cccb416639383038a6c5e2a61831f5","Psammoryctides moravicus (Hrabĕ, 1934)","Animalia","Annelida","Clitellata","Haplotaxida","Naididae","Psammoryctides","species","ICZN","Flanders","BE","present","introduced","casual","corridor_water","waterwaysBasinsSeas",NA,NA,2008,NA,"https://doi.org/10.3391/ai.2013.8.1.04",NA,"Ponto-caspian","estuarine",FALSE,TRUE,TRUE,NA,NA,NA,2020-07-03,"Jan Soors",NA
"21eaa80ea4944f22ba3d3d773eb7dc89","Quistadrilus multisetosus (Smith, 1900)","Animalia","Annelida","Clitellata","Haplotaxida","Naididae","Quistadrilus","species","ICZN","Flanders","BE","present","introduced","established","stowaway","otherTransport",NA,NA,1996,2020,"Soors, J., van Haaren, T., Tarmo, T., & Speybroeck, J. (2013). Bratislavia dadayi (Michaelsen, 1905) (Annelida: Clitellata: Naididae): A new non-indigenous species for Europe, and other non-native annelids in the Schelde estuary. Aquatic Invasions, 8(1), 37-44. [10.3391/ai.2013.8.1.04]. https://doi.org/10.3391/ai.2013.8.1.04",NA,"Northern America","estuarine",FALSE,TRUE,TRUE,NA,NA,NA,2020-07-03,"Jan Soors",NA
"7af67461b17eda2682d7cc027ff8943c","Rangia cuneata (G.B.Sowerby I, 1832)","Animalia","Mollusca","Bivalvia","Veneroida","Mactridae","Rangia","species","ICZN","Flanders","BE","present","introduced","established","stowaway_ballast_water","ballastWater",NA,NA,2011,NA,NA,"first observerd before 2011","Northern America","estuarine",FALSE,TRUE,TRUE,NA,NA,NA,2020-07-03,"Jan Soors",NA
"d0a6fba11fb4a2c7f1e82adbed52314b","Rhithropanopeus harrisii (Gould, 1841)","Animalia","Arthropoda","Malacostraca","Decapoda","Panopeidae","Rhithropanopeus","species","ICZN","Flanders","BE","present","introduced","established","escape_aquaculture","aquacultureMariculture",NA,NA,1985,NA,"Soors, J., Faasse, M., Stevens, M., Verbessem, I., De Regge, N., & Van den Bergh, E. (2010). New crustacean invaders in the Schelde estuary (Belgium). BELGIAN JOURNAL OF ZOOLOGY, 140(1), 3-10.",NA,"Northern America","estuarine",FALSE,TRUE,TRUE,NA,NA,NA,2020-07-03,"Jan Soors",NA
"27dc3c52faa67d22bbacc75cf028b80a","Sinelobus vanhaareni Bamber, 2014","Animalia","Arthropoda","Malacostraca","Tanaidacae","Tanaidae","Sinelobus","species","ICZN","Flanders","BE","present","introduced","established","stowaway_ballast_water","ballastWater",NA,NA,2007,NA,"van Haaren, T., & Soors, J. (2009). Sinelobus stanfordi (Richardson, 1901): A new crustacean invader in Europe. Aquatic Invasions, 4(4), 703-711.",NA,"unknown","estuarine",FALSE,TRUE,TRUE,NA,NA,NA,2020-07-03,"Jan Soors",NA
"582fd8bca5df49e49c46b970d3a328c8","Synidotea laticauda Benedict, 1897","Animalia","Arthropoda","Malacostraca","Isopoda","Idoteidae","Synidotea","species","ICZN","Flanders","BE","present","introduced","established","stowaway_ballast_water","ballastWater",NA,NA,2005,NA,"Soors, J., Faasse, M., Stevens, M., Verbessem, I., De Regge, N., & Van den Bergh, E. (2010). New crustacean invaders in the Schelde estuary (Belgium). BELGIAN JOURNAL OF ZOOLOGY, 140(1), 3-10.",NA,"Northern America","estuarine",FALSE,TRUE,TRUE,NA,NA,NA,2020-07-03,"Jan Soors",NA
"46dc4c05642a46b2fce6d803cef320f6","Synurella ambulans (F.Müller, 1846)","Animalia","Arthropoda","Malacostraca","Amphipoda","Crangonyctidae","Synurella","species","ICZN","Flanders","BE","present","uncertain","casual","natural_dispersal","naturalDispersal",NA,NA,2018,NA,"Boets, P., Lock, K., & Goethals, P. (2010). First record of Synurella ambulans (Müller 1846) (Amphipoda: Crangonictidae) in Belgium. BELGIAN JOURNAL OF ZOOLOGY, 140(2), 244–245.","probably no alien but published like that","Europe","estuarine",FALSE,TRUE,TRUE,NA,NA,NA,2020-07-03,"Jan Soors",NA
"f9aa36aed006236694ebf2f3641b680f","Tasserkidrilus americanus (Brinkhurst & Cook, 1966)","Animalia","Annelida","Clitellata","Haplotaxida","Naididae","Tasserkidrilus","species","ICZN","Flanders","BE","present","introduced","established","stowaway","otherTransport",NA,NA,2006,NA,"https://doi.org/10.3391/ai.2013.8.1.04",NA,"Northern America","estuarine",FALSE,TRUE,TRUE,NA,NA,NA,2020-07-03,"Jan Soors",NA
"7a948283be983f120a8cf4261cdc74b3","Telmatogeton japonicus Tokunaga, 1933","Animalia","Arthropoda","Insecta","Diptera","Chironomidae","Telmatogeton","species","ICZN","Flanders","BE","present","introduced","established","stowaway_ship","hitchhikersShip",NA,NA,2019,NA,NA,NA,"Asia","estuarine",FALSE,TRUE,TRUE,NA,NA,NA,2020-07-09,"Jan Soors",NA
"a219950cf6f77e5829a71e0c70ac4500","Tubificoides heterochaetus (Michaelsen, 1926)","Animalia","Annelida","Clitellata","Haplotaxida","Naididae","Tubificoides","species","ICZN","Flanders","BE","present","uncertain","native","stowaway","otherTransport",NA,NA,1996,NA,"Wolff, W.j., 2005. Non-indigenous marine and estuarine species in The Netherlands. Zool. Med. Leiden 79 (1)","probably no alien but published like that",NA,"estuarine",FALSE,TRUE,TRUE,NA,NA,NA,2020-07-03,"Jan Soors",NA
